title,url
Sea Sun Chardonnay 2022 (Caymus Vin...,https://www.mistral.com.br/p/vinho/sea-sun-chardonnay-2022-caymus-vineyards
Sea Sun Pinot Noir 2021 (Caymus Vin...,https://www.mistral.com.br/p/vinho/sea-sun-pinot-noir-2021-caymus-vineyards
Bonanza Cabernet Sauvignon Lot 6 (C...,https://www.mistral.com.br/p/vinho/bonanza-lot-6-cabernet-sauvignon-caymus-vineyards
Morlet La Proportion Dorée White 20...,https://www.mistral.com.br/p/vinho/morlet-la-proportion-doree-white-2019-morlet-family-vineyards
Morlet Ma Douce 2020 (Morlet Family...,https://www.mistral.com.br/p/vinho/morlet-ma-douce-2020-morlet-family-vineyards
Morlet Les Petits Cabernet Sauvigno...,https://www.mistral.com.br/p/vinho/morlet-cabernet-sauvignon-napa-valley-2018-morlet-family-vineyards
Morlet En Famille 2019 (Morlet Fami...,https://www.mistral.com.br/p/vinho/morlet-en-famille-2019-morlet-family-vineyard
Caymus Zinfandel Napa Valley 2020 (...,https://www.mistral.com.br/p/vinho/caymus-zinfandel-napa-valley-2020-caymus-vineyards
Caymus Special Selection Cabernet S...,https://www.mistral.com.br/p/vinho/caymus-cabernet-sauvignon-special-selection-cabernet-sauvignon-2019-caymus-vineyards
Caymus Cabernet Sauvignon Napa Vall...,https://www.mistral.com.br/p/vinho/caymus-cabernet-sauvignon-napa-valley-2021-caymus-vineyards
La Maisonnette Chardonnay 2019 (Dom...,https://www.mistral.com.br/p/vinho/la-maisonnette-chardonnay-2019-domaine-drouhin-oregon
Pinot Noir Dundee Hills 2021 (Domai...,https://www.mistral.com.br/p/vinho/pinot-noir-dundee-hills-2021-domaine-drouhin-oregon
Meiomi Chardonnay 2021(Meiomi),https://www.mistral.com.br/p/vinho/meiomi-chardonnay-2021-meiomi
Meiomi Rosé 2021 (Meiomi),https://www.mistral.com.br/p/vinho/meiomi-rose-2021-meiomi
Meiomi Pinot Noir 2021 - Meia gfa. ...,https://www.mistral.com.br/p/vinho/meiomi-pinot-noir-2021-meia-gfa-meiomi
Meiomi Pinot Noir 2021 (Meiomi),https://www.mistral.com.br/p/vinho/meiomi-pinot-noir-2021-meiomi
Opus One Overture (Opus One),https://www.mistral.com.br/p/vinho/overture-opus-one
Opus One 2017 - Magnum (Opus One),https://www.mistral.com.br/p/vinho/opus-one-2017-magnum-opus-one
Opus One 2019 - Meia gfa. (Opus One...,https://www.mistral.com.br/p/vinho/opus-one-2019-meia-gfa-opus-one
Opus One 2019 (Opus One),https://www.mistral.com.br/p/vinho/opus-one-2019-opus-one
Ridge Chardonnay 2020 (Ridge Vineya...,https://www.mistral.com.br/p/vinho/ridge-estate-chardonnay-santa-cruz-mountairs-2020-ridge-vineyards
Ridge Monte Bello 2019 - Magnum (Ri...,https://www.mistral.com.br/p/vinho/ridge-monte-bello-2019-magnum-ridge-vineyards
Ridge Monte Bello 2019 (Ridge Viney...,https://www.mistral.com.br/p/vinho/ridge-monte-bello-2019-ridge-vineyards
Meiomi Cabernet Sauvignon (Meiomi),https://www.mistral.com.br/p/vinho/meiomi-cabernet-sauvignon-meiomi
Caymus-Suisun Grand Durif 2019 (Cay...,https://www.mistral.com.br/p/vinho/caymus-grand-durif-petite-sirah-2019-caymus-vineyards
Opus One 2018 - Meia gfa. (Opus One...,https://www.mistral.com.br/p/vinho/opus-one-2018-meia-gfa-opus-one
Opus One 2018 (Opus One),https://www.mistral.com.br/p/vinho/opus-one-2018-opus-one
Côtes de Tablas Blanc 2019 (Tablas ...,https://www.mistral.com.br/p/vinho/cotes-de-tablas-blanc-2019-tablas-creek
Côtes de Tablas 2019 (Tablas Creek),https://www.mistral.com.br/p/vinho/cotes-de-tablas-2019-tablas-creek
Esprit de Tablas 2018 (Tablas Creek...,https://www.mistral.com.br/p/vinho/esprit-de-tablas-2018-tablas-creek
Ridge Zinfandel Geyserville 2019 (R...,https://www.mistral.com.br/p/vinho/ridge-zinfandel-geyserville-2019-ridge-vineyards
Ridge Monte Bello 2018 (Ridge Viney...,https://www.mistral.com.br/p/vinho/ridge-monte-bello-2018-ridge-vineyards
Caymus Conundrum Red 2019 (Caymus V...,https://www.mistral.com.br/p/vinho/caymus-conundrum-red-2019-caymus-vineyards
Morlet Billet Doux Late Harvest 201...,https://www.mistral.com.br/p/vinho/morlet-billet-doux-late-harvest-2012-meia-gfa-morlet-family-vineyards
Morlet La Proportion Dorée White 20...,https://www.mistral.com.br/p/vinho/morlet-family-vineyards-la-proportion-doree-white-2016-morlet-family-vineyards
Morlet Ma Douce 2015 (Morlet Family...,https://www.mistral.com.br/p/vinho/morlet-family-vineyards-ma-douce-2015-morlet-family-vineyards
Morlet Family Vineyards Passionnéme...,https://www.mistral.com.br/p/vinho/morlet-family-vineyards-passionnement-2012-morlet-family-vineyards
Morlet Family Vineyards Mon Chevali...,https://www.mistral.com.br/p/vinho/morlet-family-vineyards-mon-chevalier-2012-morlet-family-vineyards
Morlet En Famille 2014 (Morlet Fami...,https://www.mistral.com.br/p/vinho/morlet-family-vineyards-en-famille-2014-morlet-family-vineyard
Dundee Hills Ava Arthur Chardonnay ...,https://www.mistral.com.br/p/vinho/dundee-hills-ava-arthur-chardonnay-2018-domaine-drouhin-oregon
Opus One 2014 - Magnum (Opus One),https://www.mistral.com.br/p/vinho/opus-one-2014-opus-one-magnum
Opus One 2012 (Opus One),https://www.mistral.com.br/p/vinho/opus-one-2012-opus-one
Opus One 2010 (Opus One),https://www.mistral.com.br/p/vinho/opus-one-2010-opus-one
Ridge Lytton Springs 2017 (Ridge Vi...,https://www.mistral.com.br/p/vinho/ridge-zinfandel-lytton-springs-2017-ridge-vineyards
Gas Preservador de Vinhos (Private ...,https://www.mistral.com.br/p/vinho/gas-preservador-de-vinhos-private-preserve-wine-preserver
